{"format_version":"1.16.0","minecraft:geometry":[{"description":{"identifier":"geometry.oreville_ans.hxqyzae","texture_width":1024,"texture_height":1024},"bones":[{"name":"cepnlhg","pivot":[0,0,0],"cubes":[{"origin":[-8.05,-8.9,-8.25],"size":[16.1,9,16.25],"uv":{"north":{"uv":[614,0],"uv_size":[15.98,7.982222222222222]},"east":{"uv":[614,8],"uv_size":[15.98,7.982222222222222]},"west":{"uv":[629.98,8],"uv_size":[-15.98,7.982222222222222]},"up":{"uv":[598,0],"uv_size":[15.98,14.204444444444444]}}}]}]}]}