{"format_version":"1.8.0","animations":{"animation.oreville_ans.ftkipxp_acriiua.vxmbtmu_bgzlujc":{"loop":"hold_on_last_frame","anim_time_update":"v.fzeeudr ? q.anim_time + q.delta_time : 0","animation_length":0.75,"bones":{"ocbqbhz":{"rotation":{"0.0":[0,180,0],"0.0417":[0,148.27548,0],"0.0833":[0,125.52788,0],"0.125":[0,106.14829,0],"0.1667":[0,88.81316,0],"0.2083":[0,72.97487,0],"0.25":[0,58.37162,0],"0.2917":[0,44.88614,0],"0.3333":[0,32.50289,0],"0.375":[0,21.30841,0],"0.4167":[0,11.54837,0],"0.4583":[0,3.81652,0],"0.5":[0,0,0],"0.5833":[-1,0,-0.25],"0.75":[0,0,0]},"position":{"0.1667":[0,7,0],"0.2083":[0,6.9819,0],"0.25":[0,6.92051,0],"0.2917":[0,6.80052,0],"0.3333":[0,6.59629,0],"0.375":[0,6.25946,0],"0.4167":[0,5.67811,0],"0.4583":[0,4.46362,0],"0.5":[0,0,0],"0.5417":[0,0.15693,0],"0.5833":[0,0.25968,0],"0.625":[0,0.29837,0],"0.6667":[0,0.27119,0],"0.7083":[0,0.17391,0],"0.75":[0,0,0]}}}},"animation.oreville_ans.ftkipxp_acriiua.cpjhrkw":{"loop":"hold_on_last_frame","animation_length":200,"bones":{"ocbqbhz":{"rotation":{"0.0":[0,0,0],"2.0":["math.sin(q.anim_time * 1440 - 90) * 0.5","math.sin(q.anim_time * 1440) * 1","math.sin(q.anim_time * 1440 + 135) * 0.5"]},"position":{"0.0":[0,0,0],"0.0417":[0,0.03,0],"0.0833":[0,0.13,0],"0.125":[0,0.29,0],"0.1667":[0,0.5,0],"0.2083":[0,0.76,0],"0.25":[0,1.06,0],"0.2917":[0,1.39,0],"0.3333":[0,1.74,0],"0.375":[0,2.09,0],"0.4167":[0,2.45,0],"0.4583":[0,2.81,0],"0.5":[0,3.15,0],"0.5417":[0,3.49,0],"0.5833":[0,3.81,0],"0.625":[0,4.12,0],"0.6667":[0,4.41,0],"0.7083":[0,4.68,0],"0.75":[0,4.92,0],"0.7917":[0,5.15,0],"0.8333":[0,5.36,0],"0.875":[0,5.54,0],"0.9167":[0,5.71,0],"0.9583":[0,5.85,0],"1.0":[0,5.98,0],"1.0417":[0,6.08,0],"1.0833":[0,6.17,0],"1.125":[0,6.24,0],"1.1667":[0,6.29,0],"1.2083":[0,6.33,0],"1.25":[0,6.36,0],"1.2917":[0,6.37,0],"1.3333":[0,6.37,0],"1.375":[0,6.36,0],"1.4167":[0,6.35,0],"1.4583":[0,6.33,0],"1.5":[0,6.3,0],"1.5417":[0,6.27,0],"1.5833":[0,6.23,0],"1.625":[0,6.2,0],"1.6667":[0,6.16,0],"1.7083":[0,6.13,0],"1.75":[0,6.1,0],"1.7917":[0,6.07,0],"1.8333":[0,6.05,0],"1.875":[0,6.03,0],"1.9167":[0,6.01,0],"1.9583":[0,6,0],"2.0":[0,"7 + math.sin(q.anim_time * 135) * 1",0]}}}},"animation.oreville_ans.ftkipxp_acriiua.zijlcyt":{"loop":"hold_on_last_frame","animation_length":0.5,"bones":{"ocbqbhz":{"rotation":[0,0,0],"position":{"0.0":[0,7,0],"0.0625":[0,0,0],"0.1042":[0,0,0],"0.1667":[0,1,0],"0.25":{"pre":[0,1,0],"post":[0,1,0],"lerp_mode":"catmullrom"},"0.3333":[0,0,0]},"scale":{"0.0":[1,1,1],"0.0625":[1,1.45,1],"0.1042":[1,1,1],"0.3333":{"pre":[1,1,1],"post":[1,1,1],"lerp_mode":"catmullrom"},"0.5":[1,1,1]}}}}}}