{"format_version":"1.8.0","animations":{"animation.oreville_ans.kbcslzg.fsdyhky":{"loop":true,"bones":{"fsdyhky1":{"relative_to":{"rotation":"entity"},"rotation":["v.bzqxjti","v.htaogjf",0],"scale":["v.twozkac*1.5","math.pow(v.twozkac,0.2)","(1-math.pow(v.twozkac-0.5,2)*2) + math.abs(v.bzqxjti/90)*0.85"]},"fsdyhky2":{"relative_to":{"rotation":"entity"},"rotation":["v.cotkuwn","v.ncrlqem",0],"scale":["v.twozkac*1.5","math.pow(v.twozkac,0.2)","(1-math.pow(v.twozkac-0.5,2)*2) + math.abs(v.cotkuwn/90)*0.85"]}}},"animation.oreville_ans.kbcslzg.wnfisoj_guweosl_vvwpqiu":{"loop":true,"bones":{"body":{"rotation":["-math.clamp(q.target_x_rotation,-90,20)",0,0]},"zvfhsxz0":{"rotation":["math.clamp(q.target_x_rotation,0,25)*0.2",0,0]},"wing0":{"rotation":["math.clamp(q.target_x_rotation,-25,25)*0.6",0,"Math.cos(q.anim_time*60)*5"]},"wing1":{"rotation":["math.clamp(q.target_x_rotation,-25,25)*0.6",0,"Math.cos(q.anim_time*60)*5"]},"zvfhsxz1":{"rotation":["math.clamp(q.target_x_rotation,0,25)*0.2",0,0]},"hjwhrxn":{"rotation":["-math.clamp(q.target_x_rotation,0,90)*0.5",0,0]},"hdzrifm":{"rotation":["-math.clamp(q.target_x_rotation,0,90)*0.3",0,0]},"head":{"rotation":["math.clamp(q.target_x_rotation,0,90)*0.8",0,0]}}},"animation.oreville_ans.kbcslzg.tutdjcp":{"loop":true,"animation_length":0.75,"bones":{"body":{"position":{"0.0":[0,0.86025,0],"0.0417":[0,-0.57728,0],"0.0833":[0,-2.14031,0],"0.125":[0,-3.37411,0],"0.1667":[0,-4,0],"0.2083":[0,-3.82919,0],"0.25":[0,-2.58028,0],"0.2917":[0,-0.66628,0],"0.3333":[0,1.14728,0],"0.375":[0,2.50014,0],"0.4167":[0,3.38341,0],"0.4583":[0,3.87785,0],"0.5":[0,4.06263,0],"0.5417":[0,4,0],"0.5833":[0,3.76484,0],"0.625":[0,3.37887,0],"0.6667":[0,2.80213,0],"0.7083":[0,1.98209,0],"0.75":[0,0.86025,0]}},"wing0":{"rotation":{"0.0":[0,0,-24],"0.0417":[0,0,-30.20642],"0.0833":[0,0,-28.2229],"0.125":[0,0,-16.05719],"0.1667":[0,0,6.38259],"0.2083":[0,0,33.61741],"0.25":[0,0,56.05719],"0.2917":[0,0,68.2229],"0.3333":[0,0,70.20642],"0.375":[0,0,64],"0.625":[0,0,5.17211],"0.75":[0,0,-24]}},"zvfhsxz0":{"rotation":{"0.0":[0,0,-22.55],"0.0417":[0,0,-35.03],"0.0833":[0,0,-44.75],"0.125":[0,0,-48.20642],"0.1667":[0,0,-46.2229],"0.2083":[0,0,-34.05719],"0.25":[0,0,-11.61741],"0.2917":[0,0,15.61741],"0.3333":[0,0,38.05719],"0.375":[0,0,50.2229],"0.4167":[0,0,53.20642],"0.4583":[0,0,54.05],"0.5":[0,0,52.46],"0.5417":[0,0,47.53],"0.5833":[0,0,37.49],"0.625":[0,0,23.68],"0.75":[0,0,-22.55]}},"wing1":{"rotation":{"0.0":[0,0,24],"0.0417":[0,0,30.20642],"0.0833":[0,0,28.2229],"0.125":[0,0,16.05719],"0.1667":[0,0,-6.38259],"0.2083":[0,0,-33.61741],"0.25":[0,0,-56.05719],"0.2917":[0,0,-68.2229],"0.3333":[0,0,-70.20642],"0.375":[0,0,-64],"0.625":[0,0,-5.17211],"0.75":[0,0,24]}},"zvfhsxz1":{"rotation":{"0.0":[0,0,22.55],"0.0417":[0,0,35.03],"0.0833":[0,0,44.75],"0.125":[0,0,48.20642],"0.1667":[0,0,46.2229],"0.2083":[0,0,34.05719],"0.25":[0,0,11.61741],"0.2917":[0,0,-15.61741],"0.3333":[0,0,-38.05719],"0.375":[0,0,-50.2229],"0.4167":[0,0,-53.20642],"0.4583":[0,0,-54.05],"0.5":[0,0,-52.46],"0.5417":[0,0,-47.53],"0.5833":[0,0,-37.49],"0.625":[0,0,-23.68],"0.75":[0,0,22.55]}},"head":{"rotation":["Math.cos(q.anim_time*480-22.5)*-20",0,0]},"hjwhrxn":{"rotation":["Math.cos(q.anim_time*480-45)*24",0,0]},"hdzrifm":{"rotation":["Math.sin(q.anim_time*480)*32",0,0]}},"sound_effects":{"0.25":{"effect":"tutdjcp"}}},"animation.oreville_ans.kbcslzg.tutdjcp_xcsnfwi":{"loop":true,"animation_length":0.5,"bones":{"body":{"position":{"0.0":[0,0.59922,0],"0.0208":[0,-0.37073,0],"0.0417":[0,-1.40907,0],"0.0625":[0,-2.36239,0],"0.0833":[0,-3.1031,0],"0.1042":[0,-3.6,0],"0.125":[0,-3.74087,0],"0.1458":[0,-3.33405,0],"0.1667":[0,-2.38086,0],"0.1875":[0,-1.08875,0],"0.2083":[0,0.23043,0],"0.2292":[0,1.36702,0],"0.25":[0,2.25272,0],"0.2708":[0,2.89357,0],"0.2917":[0,3.3188,0],"0.3125":[0,3.56037,0],"0.3333":[0,3.64635,0],"0.3542":[0,3.6,0],"0.375":[0,3.46317,0],"0.3958":[0,3.25759,0],"0.4167":[0,2.96955,0],"0.4375":[0,2.58165,0],"0.4583":[0,2.07232,0],"0.4792":[0,1.4176,0],"0.5":[0,0.59922,0]}},"wing0":{"rotation":{"0.0":[0,0,-28],"0.0208":[0,0,-33.96147],"0.0417":[0,0,-35.28893],"0.0625":[0,0,-30.94782],"0.0833":[0,0,-19.9795],"0.1042":[0,0,-2.29601],"0.1458":[0,0,42.29601],"0.1667":[0,0,59.9795],"0.1875":[0,0,70.94782],"0.2083":[0,0,75.28893],"0.2292":[0,0,73.96147],"0.25":[0,0,68],"0.5":[0,0,-28]}},"zvfhsxz0":{"rotation":{"0.0":[0,0,0],"0.0833":[0,0,-32],"0.1042":[0,0,-37.96147],"0.125":[0,0,-39.28893],"0.1458":[0,0,-34.94782],"0.1667":[0,0,-23.9795],"0.1875":[0,0,-6.29601],"0.2292":[0,0,38.29601],"0.25":[0,0,55.9795],"0.2708":[0,0,66.94782],"0.2917":[0,0,71.28893],"0.3125":[0,0,69.96147],"0.3333":[0,0,64],"0.5":[0,0,0]}},"wing1":{"rotation":{"0.0":[0,0,28],"0.0208":[0,0,33.96147],"0.0417":[0,0,35.28893],"0.0625":[0,0,30.94782],"0.0833":[0,0,19.9795],"0.1042":[0,0,2.29601],"0.1458":[0,0,-42.29601],"0.1667":[0,0,-59.9795],"0.1875":[0,0,-70.94782],"0.2083":[0,0,-75.28893],"0.2292":[0,0,-73.96147],"0.25":[0,0,-68],"0.5":[0,0,28]}},"zvfhsxz1":{"rotation":{"0.0":[0,0,0],"0.0833":[0,0,32],"0.1042":[0,0,37.96147],"0.125":[0,0,39.28893],"0.1458":[0,0,34.94782],"0.1667":[0,0,23.9795],"0.1875":[0,0,6.29601],"0.2292":[0,0,-38.29601],"0.25":[0,0,-55.9795],"0.2708":[0,0,-66.94782],"0.2917":[0,0,-71.28893],"0.3125":[0,0,-69.96147],"0.3333":[0,0,-64],"0.5":[0,0,0]}},"head":{"rotation":["Math.cos(q.anim_time*720-22.5)*-16",0,0]},"hjwhrxn":{"rotation":["-5+Math.cos(q.anim_time*720-45)*24",0,0]},"hdzrifm":{"rotation":["-5+Math.sin(q.anim_time*720)*24",0,0]}},"sound_effects":{"0.1667":{"effect":"tutdjcp"}}},"animation.oreville_ans.kbcslzg.vnfkxhn":{"loop":true,"animation_length":1.5,"bones":{"zvfhsxz0":{"rotation":{"0.0":[0,0,0],"0.5":[0,"Math.cos(q.anim_time*1600)*2-2",0],"1.5":[0,0,0]}},"zvfhsxz1":{"rotation":{"0.0":[0,0,0],"0.5":[0,"Math.cos(q.anim_time*1600)*-2+2",0],"1.5":[0,0,0]}},"head":{"rotation":{"0.0":[0,0,0],"0.5":["Math.cos(q.anim_time*1600)*2",0,0],"1.5":[0,0,0]}},"hjwhrxn":{"rotation":{"0.0":[0,0,0],"0.5":["Math.cos(q.anim_time*1600)*-2",0,0],"1.5":[0,0,0]}},"hdzrifm":{"rotation":{"0.0":[0,0,0],"0.5":["Math.sin(q.anim_time*1600)*-2",0,0],"1.5":[0,0,0]}}},"particle_effects":{"0.0":[{"effect":"mlbkcrs","locator":"right_wing"},{"effect":"mlbkcrs","locator":"left_wing"}],"0.025":[{"effect":"mlbkcrs","locator":"right_wing"},{"effect":"mlbkcrs","locator":"left_wing"}]}}}}