{"format_version":"1.8.0","animations":{"animation.oreville_ans.fryyvuo_ddtiebc.usjvssc":{"loop":true,"animation_length":0.75,"bones":{"wing1":{"rotation":{"0.0":[0,0,-26.51],"0.0417":[0,0,-41.00462],"0.0833":[0,0,-52.77986],"0.125":[0,0,-62.40795],"0.1667":[0,0,-69.23665],"0.2083":[0,0,-72],"0.25":[0,0,-64.81212],"0.2917":[0,0,-43.3877],"0.375":[0,0,19.3877],"0.4167":[0,0,40.81212],"0.4583":[0,0,48],"0.5":[0,0,45.23665],"0.5417":[0,0,38.40795],"0.5833":[0,0,28.77986],"0.625":[0,0,17.00462],"0.7083":[0,0,-12],"0.75":[0,0,-26.51]}},"wing_xoxholt1":{"rotation":{"0.0":[0,0,38.1865],"0.0417":[0,0,34],"0.0833":[0,0,27],"0.125":[0,0,17],"0.2083":[0,0,-14.4364],"0.25":[0,0,-27.1865],"0.2917":[0,0,-33.6053],"0.3333":[0,0,-38.1577],"0.375":[0,0,-40],"0.4167":[0,0,-35.208],"0.4583":[0,0,-20.9251],"0.5417":[0,0,20.9251],"0.5833":[0,0,35.208],"0.625":[0,0,40],"0.6667":[0,0,40.6577],"0.7083":[0,0,39.7053],"0.75":[0,0,38.1865]}},"wing2":{"rotation":{"0.0":[0,0,26.51],"0.0417":[0,0,41.00462],"0.0833":[0,0,52.77986],"0.125":[0,0,62.40795],"0.1667":[0,0,69.23665],"0.2083":[0,0,72],"0.25":[0,0,64.81212],"0.2917":[0,0,43.3877],"0.375":[0,0,-19.3877],"0.4167":[0,0,-40.81212],"0.4583":[0,0,-48],"0.5":[0,0,-45.23665],"0.5417":[0,0,-38.40795],"0.5833":[0,0,-28.77986],"0.625":[0,0,-17.00462],"0.7083":[0,0,12],"0.75":[0,0,26.51]}},"wing_xoxholt2":{"rotation":{"0.0":[0,0,-38.1865],"0.0417":[0,0,-34],"0.0833":[0,0,-27],"0.125":[0,0,-17],"0.2083":[0,0,14.4364],"0.25":[0,0,27.1865],"0.2917":[0,0,33.6053],"0.3333":[0,0,38.1577],"0.375":[0,0,40],"0.4167":[0,0,35.208],"0.4583":[0,0,20.9251],"0.5417":[0,0,-20.9251],"0.5833":[0,0,-35.208],"0.625":[0,0,-40],"0.6667":[0,0,-40.6577],"0.7083":[0,0,-39.7053],"0.75":[0,0,-38.1865]}},"hjwhrxn":{"rotation":["-math.cos(q.anim_time*480)*15",0,0]},"hjwhrxn2":{"rotation":["-math.cos(q.anim_time*480 - 60)*15",0,0]},"hjwhrxn3":{"rotation":["-math.cos(q.anim_time*480 - 120)*15",0,0]}}}}}