{"format_version":"1.8.0","animations":{"animation.oreville_ans.ueflnqg_uhigqti_kdlhxyz.cpjhrkw":{"animation_length":300,"bones":{"fqecdou":{"rotation":{"0.0":[0,0,0],"0.0417":[0,0,-0.26976],"0.0833":[0,0,-1.17474],"0.125":[0,0,-2.85391],"0.1667":[0,0,-5.48963],"0.2083":[0,0,-9.32013],"0.25":[0,0,-14.63816],"0.2917":[0,0,-21.75172],"0.3333":[0,0,-30.83613],"0.375":[0,0,-41.611],"0.4167":[0,0,-53.10323],"0.4583":[0,0,-64.05081],"0.5":[0,0,-73.63099],"0.5417":[0,0,-81.6283],"0.5833":[0,0,-88.16743],"0.625":[0,0,-93.4626],"0.6667":[0,0,-97.72407],"0.7083":[0,0,-101.13385],"0.75":[0,0,-103.83009],"0.7917":[0,0,-105.92829],"0.8333":[0,0,-107.51537],"0.875":[0,0,-108.6644],"0.9167":[0,0,-109.42908],"0.9583":[0,0,-109.86269],"1.0":[0,0,"-110 + math.sin(q.anim_time * 360) * 5"]}},"qddeblm":{"rotation":{"0.0":[0,0,0],"0.0417":[0,0,0.26925],"0.0833":[0,0,1.17833],"0.125":[0,0,2.87214],"0.1667":[0,0,5.54416],"0.2083":[0,0,9.44897],"0.25":[0,0,14.90712],"0.2917":[0,0,22.25757],"0.3333":[0,0,31.68533],"0.375":[0,0,42.82944],"0.4167":[0,0,54.54845],"0.4583":[0,0,65.49629],"0.5":[0,0,74.91658],"0.5417":[0,0,82.6976],"0.5833":[0,0,89.01583],"0.625":[0,0,94.11483],"0.6667":[0,0,98.21199],"0.7083":[0,0,101.48717],"0.75":[0,0,104.07611],"0.7917":[0,0,106.08856],"0.8333":[0,0,107.61225],"0.875":[0,0,108.7153],"0.9167":[0,0,109.45183],"0.9583":[0,0,109.86862],"1.0":[0,0,"110 + math.sin(q.anim_time * 360) * 5"]}}}},"animation.oreville_ans.ueflnqg_uhigqti_kdlhxyz.zijlcyt":{"loop":"hold_on_last_frame","animation_length":1.1667,"bones":{"fqecdou":{"rotation":{"0.0":[0,0,-110],"0.0833":{"pre":[0,0,14],"post":[0,0,14],"lerp_mode":"catmullrom"},"0.2917":{"post":[0,0,-12.5],"lerp_mode":"catmullrom"},"0.7083":{"post":[0,0,0],"lerp_mode":"catmullrom"},"1.1667":[0,0,0]}},"qddeblm":{"rotation":{"0.0":[0,0,110],"0.0833":{"pre":[0,0,-14],"post":[0,0,-14],"lerp_mode":"catmullrom"},"0.2917":{"post":[0,0,12.5],"lerp_mode":"catmullrom"},"0.7083":{"post":[0,0,0],"lerp_mode":"catmullrom"},"1.1667":[0,0,0]}}}}}}