{"format_version":"1.8.0","animations":{"animation.oreville_ans.vfxdyjy_hhjhxlt.dhyaxuw":{"loop":true,"bones":{"cluywaa_body":{"position":[0,"math.sin(q.anim_time*180)*-0.2",0]},"cluywaa_head":{"rotation":["math.cos(q.anim_time*180+20)*-3.6-3",0,"math.sin(q.life_time*90-45)*-3"]},"cluywaa_rightArm":{"rotation":["math.sin(q.anim_time*180)*-4.38",0,0]},"cluywaa_leftArm":{"rotation":["math.sin(q.anim_time*180)*-4.38",0,0]},"vfxdyjy":{"rotation":[0,"c.is_first_person? c.item_slot == 'main_hand' ? -90 : 90",0],"scale":0.9}}},"animation.oreville_ans.vfxdyjy_hhjhxlt.cpjhrkw":{"loop":"hold_on_last_frame","animation_length":1.83333,"bones":{"vfxdyjy":{"scale":{"0.0":[1,1,1],"0.2083":[0.9846,1.0308,0.9846],"0.7917":[0.9154,1.1692,0.9154],"1.0":[0.9,1.2,0.9]}},"cluywaa_body":{"rotation":{"0.0":[0,0,0],"0.0833":[-0.77676,0,-0.18135],"0.1667":[-2.77762,0,-0.75378],"0.25":[-5.64408,0,-1.61897],"0.4167":[-12.35935,0,-3.46299],"0.5":[-15.42902,0,-4.15488],"0.5833":[-17.87123,0,-4.63246],"0.6667":[-19.44929,0,-4.90639],"0.75":[-20,0,-5]}},"cluywaa_head":{"rotation":{"0.0":[0,0,0],"0.0833":[-2.18607,0,0],"0.125":[-5.86859,0,0],"0.2083":[-14.99018,0,0],"0.2917":[-19.09135,0,0],"0.375":[-20,0,0],"0.4583":[-19.38604,0,0],"0.9167":[-9.25,"math.sin(q.anim_time*1400)*-20","math.sin(q.anim_time*800)*10"],"1.8333":[0,0,0]},"position":{"0.0":[0,0,0],"0.125":[0,0.13,0],"0.5":[0,0.87,0],"0.625":[0,1,0]}},"cluywaa_rightArm":{"rotation":{"0.0833":[0,0,0],"0.1667":[-5.56842,0,-1.64646],"0.25":[-20.37578,0,-5.9459],"0.4583":[-74.12518,0,-22.06554],"0.5417":[-92.63787,0,-26.55952],"0.625":[-105.14602,0,-29.11936],"0.7083":[-110,0,-30]},"position":{"0.0833":[0,0,0],"0.1667":[-0.0735,0.05716,0],"0.25":[-0.25405,0.23677,0],"0.3333":[-0.51708,0.56797,0],"0.5417":[-1.24276,1.65421,0],"0.625":[-1.4286,1.89514,0],"0.7083":[-1.5,2,0]}},"cluywaa_leftArm":{"rotation":{"0.0833":[0,0,0],"0.1667":[-5.56842,0,1.64646],"0.25":[-20.37578,0,5.9459],"0.4583":[-74.12518,0,22.06554],"0.5417":[-92.63787,0,26.55952],"0.625":[-105.14602,0,29.11936],"0.7083":[-110,0,30]},"position":{"0.0833":[0,0,0],"0.1667":[0.0735,0.05716,0],"0.25":[0.25405,0.23677,0],"0.3333":[0.51708,0.56797,0],"0.5417":[1.24276,1.65421,0],"0.625":[1.4286,1.89514,0],"0.7083":[1.5,2,0]}}}},"animation.oreville_ans.vfxdyjy_hhjhxlt.zijlcyt":{"animation_length":0.625,"bones":{"vfxdyjy":{"scale":{"0.0833":[1,1,1],"0.1667":[1.1,0.6,1.3],"0.25":[1.1,0.6,1.3],"0.3333":[0.95,1.1,0.95],"0.375":[0.92,1.18,0.92],"0.4167":[0.92,1.18,0.92],"0.5":[1.05,0.9,1.05],"0.5417":[1.05,0.9,1.05],"0.5833":[1,1,1]}},"cluywaa_head":{"rotation":{"0.125":[0,0,0],"0.2083":[20.47,0,0],"0.25":[25,0,0],"0.2917":[26,0,0],"0.3333":[22,0,0],"0.375":[8.7,0,0],"0.4583":[-7.2,0,0],"0.5417":[-10.5,0,0],"0.625":[0,0,0]},"scale":{"0.0833":[1,1,1],"0.1667":[1.2,1,1],"0.25":[1.2,1,1],"0.3333":[1,1,1]}},"cluywaa_rightArm":{"rotation":{"0.0833":[0,0,0],"0.1667":[-20,0,0],"0.25":[-20,0,0],"0.3333":[1,0,0],"0.4583":[0,0,0],"0.5":[-6,0,0],"0.5417":[-6,0,0],"0.5833":[-2,0,0],"0.625":[0,0,0]}},"cluywaa_leftArm":{"rotation":{"0.0833":[0,0,0],"0.1667":[-20,0,0],"0.25":[-20,0,0],"0.3333":[1,0,0],"0.4583":[0,0,0],"0.5":[-6,0,0],"0.5417":[-6,0,0],"0.5833":[-2,0,0],"0.625":[0,0,0]}}}},"animation.oreville_ans.vfxdyjy_hhjhxlt.hnrwibm":{"loop":"hold_on_last_frame","animation_length":1.375,"bones":{"vfxdyjy":{"position":{"0.0":[0,0,0],"0.0417":[0,0.1,0],"0.0833":[0,0.35,0],"0.125":[0,0.65,0],"0.1667":[0,0.9,0],"0.2083":[0,1,0]},"scale":{"0.0":[0.7,0.3,0.8],"0.0833":[0.7333,1.3,0.7667],"0.125":[0.75,1.5,0.75],"0.1667":[0.75,1.5,0.75],"0.2083":[0.85,1.3,0.85],"0.2917":[1.1,0.6,1.3],"0.375":[1.1,0.6,1.3],"0.4583":[0.95,1.1,0.95],"0.5":[0.92,1.16,0.92],"0.5833":[1,1,1]}},"cluywaa_body":{"rotation":{"0.25":[0,0,0],"0.375":[4.6,0,0],"0.5":[20,0,0],"0.5833":[23.8,0,0],"0.75":[24.07,0,0],"0.9167":[21.36,0,0],"1.0833":[20,0,0]},"position":{"0.25":[0,0,0],"0.625":[0,0,1]},"scale":0.8},"cluywaa_head":{"rotation":{"0.25":[-45,0,0],"0.375":[-4.6,0,0],"0.4167":[3,0,0],"0.4583":[2.2,0,0],"0.5":[-10.2,0,0],"0.5833":[-20.3,0,0],"0.75":[-24.07,"math.sin(q.anim_time*1400)*-20","math.sin(q.anim_time*800)*10"],"1.375":[-20,0,0]},"scale":{"0.2083":[1.16,1.16,1.16],"0.2917":[1.4,1.16,1.16],"0.375":[1.4,1.16,1.16],"0.4583":[1.16,1.16,1.16],"0.5833":[1.16,1.16,1.16],"0.75":[1.09,1.3,1.09],"1.125":[1.16,1.16,1.16],"1.25":[1.19,1.1,1.19],"1.3333":[1.16,1.16,1.16]}},"cluywaa_rightArm":{"rotation":{"0.25":[-136,0,-40],"0.375":[-37.5,0,-10.3],"0.4583":[-55,0,0],"0.5":[-64,0,0],"0.5833":[-73.5,0,0],"0.6667":[-77,0,0],"0.8333":[-74.8,0,0],"1.0833":[-72.3,0,0]}},"cluywaa_leftArm":{"rotation":{"0.25":[-136,0,40],"0.375":[-37.5,0,10.3],"0.4583":[-55,0,0],"0.5":[-64,0,0],"0.5833":[-73.5,0,0],"0.6667":[-77,0,0],"0.8333":[-74.8,0,0],"1.0833":[-72.3,0,0]}}},"particle_effects":{"0.0":{"effect":"yzuhatb","locator":"lead_hold"},"0.2083":{"effect":"yzuhatb","locator":"lead_hold"}}}}}